name,minutes,tags,nutrition,n_steps,steps,description,ingredients,n_ingredients
very simple black beans  caraotas negras,40,"['60-minutes-or-less', 'time-to-make', 'course', 'main-ingredient', 'cuisine', 'preparation', 'side-dishes', 'beans', 'easy', 'beginner-cook', 'vegan', 'vegetarian', 'south-american', 'dietary', 'inexpensive', 'black-beans', 'venezuelan', '3-steps-or-less']","[50.5, 5.0, 9.0, 0.0, 1.0, 1.0, 1.0]",9,"['heat oil in a large dutch oven over medium heat', 'add onion and bell pepper to pan', 'cook 5 minutes or until tender , stirring occasionally', 'stir in sugar , garlic , black pepper , and cumin', 'cook 1 minute , stirring constantly', 'stir in 1 cup water and beans', 'bring to a boil', 'partially cover , reduce heat , and simmer 30 minutes or until slightly thick , stirring frequently', 'remove from heat , and stir in vinegar']","these beans cook down and creat a thick, rich sauce. good to serve over rice or arepas. from cooking light.","['canola oil', 'onion', 'red bell pepper', 'brown sugar', 'garlic', 'fresh ground black pepper', 'ground cumin', 'water', 'reduced sodium black beans', 'white wine vinegar']",10
easy vegan worcestershire,10,"['15-minutes-or-less', 'time-to-make', 'course', 'preparation', 'condiments-etc', 'easy', 'vegan', 'vegetarian', 'dietary', 'number-of-servings', '3-steps-or-less']","[9.1, 0.0, 0.0, 0.0, 0.0, 0.0, 0.0]",3,"['combine all ingredients in a pan and bring to a boil over med-high heat', 'reduce heat and simmer for a minute or so , stirring often', 'let cool and store in frig in a container with a tight-fitting lid']","not exactly the same as regular worcestershire, but a good substitute. this sauce has a very intense flavor that i actually like more than the regular stuff. found on randomgirl.com.","['cider vinegar', 'braggs liquid aminos', 'water', 'mustard powder', 'onion powder', 'ground ginger', 'garlic powder', 'pepper', 'cinnamon', 'sugar']",10
pumpkin wheat multigrain bread  abm   vegan,130,"['time-to-make', 'course', 'main-ingredient', 'preparation', 'for-1-or-2', 'breads', 'vegetables', 'bread-machine', 'vegan', 'vegetarian', 'dietary', 'yeast', 'squash', 'equipment', 'small-appliance', 'number-of-servings', '4-hours-or-less', 'pumpkin', 'from-scratch']","[2327.2, 97.0, 153.0, 146.0, 166.0, 43.0, 130.0]",5,"[""put the ingredients into your bread machine according to manufacturer's instructions , set to 2-lb capacity , and do a dough cycle"", 'when it completes , mold into the shape of a loaf and place onto a piece of parchment paper on top of a cookie sheet', ""if it's not malleable enough at first , dust your hands with some flour and knead on a lightly-floured surface until you can mold it into loaves"", 'bake at 350f for 35-40 minutes or until browned and sound ""hollow"" when tapped', 'brush lightly with olive or flaxseed oil after removing from the oven']","from my bread maker's bible, this combines two of my great loves-- pumpkin and vegan whole-grain bread! originally called luann's seedtime & harvest loaves. makes a nice big loaf full of healthy ingredients. the only ingredient i changed was that i left out the 1/4 cup soy flour and just added 1/4 cup more whole wheat flour because i don't like keeping too many flour types around...aaand, i'm doing this the lazy way, in the bread machine! my dough cycle is 90 minutes.","['water', 'pumpkin puree', 'honey', 'olive oil', 'ground flax seeds', 'millet', 'sea salt', 'whole wheat flour', 'vital wheat gluten', 'active dry yeast', 'sunflower seeds', 'pumpkin seeds']",12
raspberry date squares,60,"['60-minutes-or-less', 'time-to-make', 'course', 'preparation', 'for-large-groups', 'breakfast', 'lunch', 'snacks', 'easy', 'vegan', 'vegetarian', 'dietary', 'inexpensive', 'number-of-servings']","[251.1, 14.0, 68.0, 0.0, 9.0, 6.0, 13.0]",6,"['place dates , raspberries and water on the stove over medium heat to soften , add water as needed to make a thick date butter', 'combine margarine and flour with pastry blender until crumbly', 'stir in oats and sucanat', 'stir in vegetable oil and press 2 / 3 of mixture into a 9 x 9 pan', 'spread date mixture over and top with remaining crumbs', 'press lightly and bake at 350f for 20 to 30 minutes , or golden brown on edges']",a delicious variation of an old favorite.,"['frozen raspberries', 'dates', 'water', 'whole wheat flour', 'non-hydrogenated margarine', 'quick oats', 'sucanat', 'vegetable oil']",8
vegetarian corn  bean and rice wraps,55,"['60-minutes-or-less', 'time-to-make', 'course', 'main-ingredient', 'preparation', 'healthy', 'lunch', 'beans', 'vegetables', 'low-fat', 'vegan', 'vegetarian', 'dietary', 'low-sodium', 'low-cholesterol', 'sandwiches', 'low-saturated-fat', 'low-calorie', 'black-beans', 'healthy-2', 'low-in-something', 'corn', 'tomatoes']","[384.6, 9.0, 36.0, 25.0, 31.0, 4.0, 24.0]",10,"['cook brown rice as package directs', 'for extra flavor , add a tablespoon of vegetarian bouillon--it makes it really tasty', 'as brown rice is cooking , saut the onion in a tablespoon of extra virgin olive oil', 'once onion is softened and browned a bit , add drained and rinsed beans and corn', 'turn off heat', 'once rice is done , add to the corn and beans', 'mix well', 'then mix in 1 to 2 cans of tomato sauce', 'cook until hot', 'serve in tortillas with salsa if desired']",i decided to stop eating meat and i was looking through the pantry and decided to throw this stuff together--it's really tasty and healthy.,"['black beans', 'corn', 'cooked brown rice', 'diced onion', 'tomato sauce', 'stewed tomatoes', 'extra virgin olive oil', 'salt', 'pepper', 'garlic']",10
beet hash cakes with dill vinaigrette,30,"['30-minutes-or-less', 'time-to-make', 'course', 'main-ingredient', 'cuisine', 'preparation', 'occasion', 'for-1-or-2', 'low-protein', 'healthy', 'appetizers', 'main-dish', 'vegetables', 'european', 'vegan', 'vegetarian', 'winter', 'dietary', 'low-sodium', 'gluten-free', 'low-cholesterol', 'seasonal', 'low-calorie', 'low-carb', 'healthy-2', 'free-of-something', 'low-in-something', 'number-of-servings', 'presentation', 'served-hot']","[511.0, 63.0, 35.0, 7.0, 8.0, 27.0, 10.0]",13,"['make dressing: in a bowl , whisk together vinegar , garlic , dill , mustard , and salt and pepper until well combined', 'whisking constantly , add 1 / 4 cup oil in a thin , slow stream', 'if the dressing still looks separated after all the oil has been added , a little more mustard whisked in should do the trick', 'set dressing aside', 'make cakes: in a bowl stir together potato , beet , carrot , and onion', 'add flour and egg and mix well', 'heat 2 tablespoons oil in a skillet over medium-high heat', ""when a drop of water sizzles in the oil , you're ready: take about 1 / 4 cup of the beet mixture and flatten it out in the oil"", 'put as many cakes in as you can without crowding the pan', ""once you've got them all in , cover and let cook 3-4 minutes"", 'uncover , flip , re-cover , and cook the other sides 2-3 minutes', 'fry remaining mixture in batches', 'serve with a liberal amount of vinaigrette and a dollop of sour cream , if desired']","if you don't like beets, this may be what changes your mind.  the tang of the vinaigrette really sets off the sometimes-overwhelming sweetness of the beets, and the potatoes give a nice base.","['apple cider vinegar', 'garlic cloves', 'fresh dill', 'stone ground mustard', 'salt', 'pepper', 'sunflower oil', 'potato', 'beet', 'carrot', 'onion', 'rice flour', 'egg', 'sour cream']",14
bean and vegetable stew  vegan,500,"['weeknight', 'time-to-make', 'course', 'main-ingredient', 'preparation', 'occasion', 'lunch', 'main-dish', 'beans', 'fruit', 'vegetables', 'easy', 'beginner-cook', 'vegan', 'vegetarian', 'stews', 'crock-pot-slow-cooker', 'dietary', 'equipment']","[93.8, 0.0, 11.0, 22.0, 5.0, 0.0, 6.0]",9,"['sort and rinse beans , then soak overnight in water', 'drain beans and place in crockpot', 'add vegetable juice , wine , soy sauce , and apple or pineapple juice', 'cover with vegetable stock or water', 'the amount added depends on whether you prefer a soup or a stew', 'the juice adds just a tad of sweetness and the soy sauce adds depth and the tang of salt', 'cook at high for 2 hours', 'add vegetables , herbs , and spices , and cook for 5-6 hours at low until carrots and parsnips are tender', 'when tender , add rice or pasta and cook for one additional hour']",i used to be a vegetarian in college and couldn't find enough recipes to satisfy my needs. i put this together and it was a wonderful addition to the college fare in the cafeteria!,"['beans', 'vegetable juice', 'dry white wine', 'soy sauce', 'apples', 'vegetable stock', 'celery', 'parsnip', 'carrot', 'mushroom', 'onion', 'basil', 'parsley', 'bay leaf', 'garlic', 'black pepper', 'rice']",17
mexican chocolate coffee,10,"['15-minutes-or-less', 'time-to-make', 'course', 'main-ingredient', 'cuisine', 'preparation', 'occasion', 'north-american', '5-ingredients-or-less', 'beverages', 'breakfast', 'beans', 'mexican', 'easy', 'beginner-cook', 'diabetic', 'dinner-party', 'vegan', 'vegetarian', 'chocolate', 'dietary', 'comfort-food', 'free-of-something', 'brunch', 'taste-mood', 'sweet', 'equipment', 'small-appliance', 'technique', 'brewing']","[1.8, 0.0, 0.0, 0.0, 0.0, 0.0, 0.0]",8,"[""you'll use a coffee machine for this"", 'put all of the ingredients in the order listed', 'so nutmeg and cinnamon go in first , cocoa above that and coffee last', 'add the water into the coffee machine and brew as you would for plain coffee', 'if you like coffee strong , use 4 cups water , medium strength: 6 cups , and weak: 8 cups', 'if the flavor seems strong , skip the nutmeg', 'the nutritional ananlysis will probably be off because everything is diluted', 'enjoy !']","i love coffee and chocolate, but not with too much sugar.  i created this for myself after i read that cinnamon helps prevent or retard diabetes and is good for people who already have it (it runs in my family).  i was really surprised at how yummy it tastes and doesn't need any creamer or sweetener, but you can certainly add splenda as i do sometimes.","['nutmeg', 'cinnamon', 'unsweetened cocoa', 'ground coffee', 'water']",5
baked onion with pomegranate syrup  firinda nar eksili sogan,30,"['30-minutes-or-less', 'time-to-make', 'course', 'main-ingredient', 'cuisine', 'preparation', 'low-protein', 'healthy', '5-ingredients-or-less', 'side-dishes', 'vegetables', 'middle-eastern', 'easy', 'low-fat', 'vegan', 'vegetarian', 'turkish', 'dietary', 'low-sodium', 'low-cholesterol', 'low-saturated-fat', 'low-calorie', 'low-carb', 'healthy-2', 'low-in-something', 'onions']","[88.0, 0.0, 37.0, 0.0, 4.0, 0.0, 6.0]",6,"['preheat the oven on the broil setting', 'arrange the onions quarters on an ovenproof grill pan or parchment-lined baking sheet', 'season with salt and pepper', 'drizzle pomegranate syrup all over the onion', 'set the oven rack on the middle position and broil until the onion is tender and caramelized approximately 20 minutes , turning occasionally to broil evenly', 'if desired , serve onions over baby arugula leaves or mixed greens , pouring any residual sauce over the vegetables']",from turkishcookbook.com. i opted to broil the onions instead of baking at four hundred degrees in the original recipe. we enjoyed the onions served over baby arugula/rocket/rockette-an intense combination of flavors!,"['red onions', 'salt', 'cracked black pepper', 'pomegranate syrup', 'arugula leaf']",5
brussels and butternut bohemia,20,"['weeknight', '30-minutes-or-less', 'time-to-make', 'course', 'main-ingredient', 'cuisine', 'preparation', 'occasion', 'side-dishes', 'vegetables', 'easy', 'european', 'vegan', 'vegetarian', 'czech', 'dietary', 'inexpensive', 'greens', 'squash', '3-steps-or-less']","[162.0, 20.0, 8.0, 2.0, 3.0, 22.0, 4.0]",8,"['in a skillet , heat the oil and butter on med-low temp', 'add the veggies', 'allow to cook a few minutes , then add the remainder of the ingredients', 'cook until browned', 'squash will be brown and slightly soft and brussels will be bright green , browned and al dente', 'serve as a side alternative to rice', 'wonderfully filling and goes great with any meat', 'even fish !']","a dreamy duo of butternut squash and brussels sprouts come together in a yummy, simple saute pan of eastern european proportions.","['butternut squash', 'brussels sprouts', 'butter', 'grapeseed oil', 'dried rosemary', 'fresh cracked pepper', 'sea salt']",7
kale with tomatoes and green chiles,30,"['30-minutes-or-less', 'time-to-make', 'main-ingredient', 'preparation', 'for-1-or-2', 'low-protein', 'healthy', 'vegetables', 'easy', 'vegan', 'vegetarian', 'dietary', 'low-cholesterol', 'low-saturated-fat', 'low-calorie', 'low-carb', 'healthy-2', 'low-in-something', 'greens', 'tomatoes', 'number-of-servings']","[204.5, 22.0, 4.0, 25.0, 9.0, 9.0, 6.0]",7,"['rinse the kale and remove the fibrous middle rib , slice the leaves into ribbons', 'over medium heat , saute the garlic in the olive oil until fragrant', 'then add the onions and saute together , stirring constantly until the onions are limp', 'do not allow the garlic or onions to brown', 'add the kale and saute for 15-20 minutes or until tender , stirring frequently to prevent the greens from scorching', 'add the tomatoes and green chiles and salt and pepper to taste , stirring everything together and cooking until heated through--about 1-2 minutes', 'serve over rice or combine with blackeyed peas or refried beans and rice to make a tasty and hearty filling for vegetarian wraps']","mixed with rice, and blackeyed peas or refried beans, this makes a great filling for healthy, vegetarian wraps","['kale', 'garlic', 'yellow onions', 'olive oil', 'tomatoes and green chilies', 'salt', 'pepper']",7
hot quinoa drink,30,"['30-minutes-or-less', 'time-to-make', 'course', 'main-ingredient', 'cuisine', 'preparation', 'occasion', 'low-protein', 'healthy', 'beverages', 'breakfast', 'fruit', 'low-fat', 'vegan', 'vegetarian', 'grains', 'south-american', 'dietary', 'low-sodium', 'low-cholesterol', 'low-saturated-fat', 'low-calorie', 'peruvian', 'low-in-something', 'apples', 'pasta-rice-and-grains', 'brunch', 'from-scratch']","[221.2, 5.0, 84.0, 2.0, 14.0, 2.0, 13.0]",8,"['place quinoa and 2 cups water in a medium saucepan and bring to a boil', 'reduce heat to low , cover and simmer 15 minutes or until quinoa is tender', 'drain well and return quinoa to saucepan', 'add soymilk , apples , sugar and cinnamon', 'bring to a simmer over medium-high heat', 'reduce heat to medium and simmer 5 minutes', 'transfer mixture to a blender , add vanilla and puree until smooth', 'serve hot']","a popular breakfast beverage in south america, make this mixture at night and reheat in the morning. it's a thick, slightly sweet drink full of nutrients and protein from the quinoa. from the whole planet foundation. i haven't tried this yet, so putting it here for safekeeping! it sounds good!","['quinoa', 'soymilk', 'apples', 'light brown sugar', 'ground cinnamon', 'vanilla extract']",6
passion fruit colada,5,"['15-minutes-or-less', 'time-to-make', 'course', 'main-ingredient', 'cuisine', 'preparation', 'north-american', 'for-1-or-2', '5-ingredients-or-less', 'beverages', 'fruit', 'caribbean', 'easy', 'beginner-cook', 'vegan', 'vegetarian', 'dietary', 'number-of-servings', '3-steps-or-less']","[132.1, 9.0, 76.0, 0.0, 0.0, 28.0, 6.0]",1,"['combine ice , passion fruit juice , cream of coconut and rum , if using , in a blender and blend until smooth']",a yummy twist on your average pina colada from eating well magazine. the run is optional. ;-),"['ice', 'passion fruit juice', 'cream of coconut', 'rum']",4
spinach and garlic,9,"['weeknight', '15-minutes-or-less', 'time-to-make', 'course', 'cuisine', 'preparation', 'occasion', 'for-1-or-2', 'cantonese', '5-ingredients-or-less', 'side-dishes', 'asian', 'chinese', 'easy', 'beginner-cook', 'diabetic', 'vegan', 'vegetarian', 'dietary', 'stir-fry', 'inexpensive', 'taste-mood', 'savory', 'number-of-servings', 'technique']","[134.1, 17.0, 2.0, 28.0, 8.0, 7.0, 2.0]",10,"['put spinach in a salad spinner and dry well', 'remove stalks if any', 'if using large leaves , roll up tightly and cut crossway in wide strips', 'heat wok to medium heat', 'add sesame seeds , and dry fry stirring constantly for 1-2 minutes until golden brown', 'transfer to a small bowl and set aside', 'add oil to wok and swirl around', 'when hot , add the salt , spinach and garlic and stir-fry for 2 minutes until the spinach just wilts a bit and the leaves are coated with oil', 'sprinkle over dry-heated sesame seeds and serve immediately', 'i love this with some naan bread']",add some chicken and you have a meal.,"['fresh spinach', 'sesame seeds', 'vegetable oil', 'sea salt', 'garlic cloves']",5
weight watchers no points value vegetable soup,63,"['time-to-make', 'course', 'preparation', 'soups-stews', 'easy', 'vegan', 'vegetarian', 'dietary', '3-steps-or-less', '4-hours-or-less']","[28.9, 0.0, 11.0, 5.0, 3.0, 0.0, 2.0]",5,"['put garlic , vegetables , thyme and broth into a large soup pot', 'cover and bring to a boil over high heat', 'reduce heat to low and simmer 10 minutes', 'stir in parsley or chives', 'season to taste with salt , pepper and lemon juice']",this really helped me to lose weight.,"['garlic cloves', 'onion', 'carrots', 'sweet red pepper', 'celery rib', 'zucchini', 'green cabbage', 'swiss chard', 'cauliflower', 'broccoli', 'thyme', 'vegetable broth', 'fresh parsley', 'table salt', 'black pepper', 'fresh lemon juice']",16
port roasted tomatoes,65,"['time-to-make', 'course', 'main-ingredient', 'preparation', 'occasion', 'low-protein', 'healthy', '5-ingredients-or-less', 'side-dishes', 'vegetables', 'oven', 'easy', 'dinner-party', 'low-fat', 'vegan', 'vegetarian', 'dietary', 'low-sodium', 'gluten-free', 'low-cholesterol', 'low-saturated-fat', 'low-calorie', 'healthy-2', 'free-of-something', 'low-in-something', 'tomatoes', 'taste-mood', 'savory', 'equipment', '3-steps-or-less', '4-hours-or-less']","[99.0, 0.0, 52.0, 0.0, 1.0, 0.0, 5.0]",3,"['heat your oven to 150c', 'cut the tomatoes in half lengthways , place them in a baking dish , cut side up', 'pour the port over the tomatoes , sprinkle 1 teaspoon brown sugar over each half , then bake until tomatoes are caramelized and port is syrupy-about 1 hour']","this is one we used to do at work for functions. it's so simple, and really nice. really, all you do is allow 1 roma tomato per person, about 1/2 inch of port around them and 1 teaspoon sugar per half, and do as many as you need.","['roma tomatoes', 'port wine', 'brown sugar']",3
sweet vinaigrette,10,"['15-minutes-or-less', 'time-to-make', 'course', 'cuisine', 'preparation', 'north-american', 'salads', 'american', 'easy', 'beginner-cook', 'vegan', 'vegetarian', 'salad-dressings', 'dietary', 'inexpensive', 'presentation', 'served-cold', '3-steps-or-less']","[1780.5, 253.0, 303.0, 73.0, 2.0, 106.0, 26.0]",2,"['combine all of the ingredients in a jar , shake well and chill in refrigerator', 'shake again before serving']",this dressing is especially delicious on a salad of greens with citrus or other fruit such as pears or apples.,"['vegetable oil', 'white vinegar', 'sugar', 'salt', 'celery seeds', 'dry mustard', 'paprika', 'onions']",8
delicious german rye bread,230,"['time-to-make', 'course', 'main-ingredient', 'cuisine', 'preparation', 'occasion', 'breads', 'german', 'scandinavian', 'easy', 'european', 'picnic', 'vegan', 'vegetarian', 'finnish', 'dietary', 'inexpensive', 'egg-free', 'yeast', 'free-of-something', 'pasta-rice-and-grains', 'taste-mood', 'savory', 'to-go', '4-hours-or-less']","[1937.9, 55.0, 98.0, 195.0, 117.0, 27.0, 123.0]",18,"['place wholewheat flour , rye flour , rolled rye , salt and caraway seeds in a bowl', 'make a well in center', 'add the remaining ingredients to the well', 'mix all ingredients initially with a wooden spoon , until roughly mixed', 'if mixture seems too dry , add a little more water / beer', 'kneed the mixture for 10 minutes , until smooth and elastic , adding a little more flour from time to time if the mixture is too sticky', 'form dough into a ball , and cover the mixing bowl with plastic wrap or a damp teatowel', 'leave to prove for 2 hours', 'after 2 hours , preheat oven to 200c', 'take the cover off the mixing bowl', 'punch the dough down in the center', 'lightly oil a baking tray or loaf tin and dust with flour', 'shape dough into desired form', 'leave alone until nearly doubled in size', 'place in hot oven for 45 minutes to 1 hour , depending on how crusty you like it', 'the loaf should be cooked when it gives a hollow sound when tapped', 'allow to cool before serving - it is usually better the day after baking', 'enjoy !']","this recipe for rye bread makes a medium-sized, heavy loaf. it is great served with butter, mustard, and cold meats. it's also delicious when toasted in the morning, and spread with lashings of butter and honey. mmmm!","['whole wheat flour', 'rye flour', 'rye meal', 'compressed yeast', 'salt', 'molasses', 'oil', 'warm water', 'caraway seeds']",9
zucchini with almonds and olives,30,"['30-minutes-or-less', 'time-to-make', 'course', 'main-ingredient', 'preparation', 'occasion', 'side-dishes', 'vegetables', 'easy', 'dinner-party', 'vegan', 'vegetarian', 'stove-top', 'dietary', 'squash', 'brunch', 'equipment']","[102.5, 12.0, 11.0, 0.0, 6.0, 4.0, 2.0]",7,"['heat oil in heavy large skillet over medium-high heat', 'trim and quarter zucchini lengthwise then cut into 2"" pieces', 'add zucchini to skillet and saute until beginning to brown , about 8-10 minutes', 'season with salt and pepper', 'mix in olives and parsley', 'transfer to a shallow serving bowl and sprinkle with almonds', 'can be served warm or at room temperature']",from bon appetit.,"['extra virgin olive oil', 'zucchini', 'salt and pepper', 'green olives', 'italian parsley', 'sliced almonds']",6
my favorite vegan sandwich,5,"['15-minutes-or-less', 'time-to-make', 'course', 'main-ingredient', 'preparation', 'occasion', 'for-1-or-2', '5-ingredients-or-less', 'lunch', 'beans', 'vegetables', 'easy', 'picnic', 'vegan', 'vegetarian', 'dietary', 'low-cholesterol', 'sandwiches', 'brown-bag', 'chick-peas-garbanzos', 'healthy-2', 'free-of-something', 'low-in-something', 'to-go', 'camping', 'number-of-servings', '3-steps-or-less', 'avocado']","[322.5, 27.0, 11.0, 13.0, 15.0, 13.0, 12.0]",3,"['spread some hummus onto each slice of bread', 'arrange the avocado slices on one of the bread slices', 'put some alfalfa sprouts on top of the avocado , then put the other bread slice on top of that , and enjoy !']","i always make this for lunch when we go camping, and my (non-vegan) brother-in-law and father-in-law have absolutely fallen in love with it.  these measurements are estimates.  just eyeball it.  feel free to experiment with different flavors of hummus and add other veggies to your heart's content.","['bread', 'hummus', 'avocado', 'alfalfa sprout']",4
vegan crme au caf  vegan coffee blancmange,22,"['30-minutes-or-less', 'time-to-make', 'course', 'cuisine', 'preparation', 'occasion', 'north-american', 'low-protein', 'healthy', 'desserts', 'canadian', 'dinner-party', 'heirloom-historical', 'holiday-event', 'low-fat', 'vegan', 'vegetarian', 'puddings-and-mousses', 'dietary', 'low-sodium', 'low-cholesterol', 'low-saturated-fat', 'low-calorie', 'inexpensive', 'quebec', 'free-of-something', 'low-in-something', 'presentation', 'served-cold']","[100.3, 1.0, 43.0, 2.0, 5.0, 0.0, 6.0]",9,"['in a pot over medium-low heat , put the soymilk , the coffee , the sugar and the pinch of salt', 'in a small bowl , whisk the cornstarch with the cold water', 'add to the pot', 'cook , stirring constantly for 15 to 20 minutes', 'add the vanilla', 'lightly oil a mold in a fancy shape or simply use a loaf pan , or 6 individual molds', 'put the mixture in the mold', 'let cool then refrigerate for at least 2 hours', 'serve with ""whipped cream"" and chocolate shavings']","really economical dessert that is veganized from la cuisine raisonn√©e, the most valued cookbook in quebec's pop culture.","['soymilk', 'brewed espresso', 'cornstarch', 'cold water', 'sugar', 'vanilla extract', 'salt']",7
spinach and rice,35,"['weeknight', '60-minutes-or-less', 'time-to-make', 'course', 'main-ingredient', 'preparation', 'occasion', 'for-1-or-2', 'low-protein', 'main-dish', 'side-dishes', 'rice', 'easy', 'vegan', 'vegetarian', 'dietary', 'low-sodium', 'low-cholesterol', 'low-saturated-fat', 'low-calorie', 'comfort-food', 'low-carb', 'healthy-2', 'low-in-something', 'pasta-rice-and-grains', 'taste-mood', 'number-of-servings']","[444.8, 33.0, 32.0, 5.0, 19.0, 15.0, 18.0]",5,"['heat oil in large skillet & saute onions until translucent', 'add spinach and cook until wilted , stirring occasionally', 'add tomatoes and water', 'bring to a boil', 'add rice , lower heat & let simmer , stirring occasionally , for 20-25 minutes until rice is done']",quick vegetarian comfort food.,"['olive oil', 'onion', 'fresh spinach', 'tomatoes', 'water', 'salt & pepper', 'uncooked rice']",7
tibetan style seitan burritos,60,"['60-minutes-or-less', 'time-to-make', 'course', 'cuisine', 'preparation', 'north-american', 'main-dish', 'vegan', 'vegetarian', 'dietary']","[195.5, 12.0, 25.0, 25.0, 8.0, 6.0, 9.0]",13,"['cut the seitan into strips 1 by 1 / 2 inch', 'preheat oven to 350f grease a 8 inch baking dish', 'saute the onions until just soft [for about 5 minutes', '] add garlic , ginger and salt and cook for a minute or two more', 'add the cabbage and cook until the cabbage is limp', 'stir frequently', 'now add the chili paste , carrots and seitan', 'cook until vegetables soft and brown [about 10 minutes] if needed add water or broth to preent sticking', 'when you finish sprinkle the sesame oil over the vegetables and remove from heat', 'divide filling and place in tortillas', 'roll and place seam down in baking dish', 'cover tightly with foil and bake for 15 minutes or until hot', 'serve asap']",from moosewood celebrates creator choklay lhamo the recipe uses tibetan dumpling ingredients with a different package burritos,"['onions', 'vegetable oil', 'garlic', 'fresh gingerroot', 'salt', 'cabbage', 'chili paste', 'carrots', 'seitan', 'dark sesame oil', 'flour tortillas']",11
quinoa with cauliflower  cranberries and pine nuts,30,"['weeknight', '30-minutes-or-less', 'time-to-make', 'course', 'main-ingredient', 'cuisine', 'preparation', 'occasion', 'north-american', 'main-dish', 'vegetables', 'diabetic', 'vegan', 'vegetarian', 'grains', 'stove-top', 'dietary', 'one-dish-meal', 'low-sodium', 'low-cholesterol', 'low-saturated-fat', 'inexpensive', 'healthy-2', 'low-in-something', 'pasta-rice-and-grains', 'cauliflower', 'onions', 'taste-mood', 'savory', 'sweet', 'equipment', 'from-scratch']","[365.9, 27.0, 13.0, 1.0, 21.0, 8.0, 14.0]",12,"['combine quinoa with 2 1 / 2 cups water in a saucepan', 'bring to a simmer', 'cover and simmer gently for 15 minutes , or until water has been absorbed', 'while quinoa is cooking , heat 1 tablespoon oil in a large skillet or stir-fry pan', 'add onion and saute over medium-low heat until golden', 'add cauliflower and about 1 / 3 cup water', 'cover and cook 5 minutes , or until cauliflower is just tender', 'once quinoa is done , add it to the cauliflower mixture', 'add cranberries , pine nuts and parsley', 'toss together then remove from heat', 'drizzle in remaining oil and season with salt and pepper', 'serve immediately']",i've been looking for quinoa recipes and found this one in vegan express by nava atlas. she recommends using a fragrant oil such as walnut oil or untoasted sesame oil but olive oil may be substituted if those oils aren't available.,"['quinoa', 'walnut oil', 'yellow onions', 'head cauliflower', 'dried cranberries', 'pine nuts', 'fresh parsley', 'salt', 'fresh ground pepper']",9
oatmeal raisin breakfast cookies,25,"['lactose', '30-minutes-or-less', 'time-to-make', 'course', 'main-ingredient', 'cuisine', 'preparation', 'north-american', 'for-1-or-2', 'healthy', '5-ingredients-or-less', 'hand-formed-cookies', 'breakfast', 'desserts', 'fruit', 'american', 'oven', 'easy', 'vegan', 'vegetarian', 'cookies-and-brownies', 'grains', 'dietary', 'low-sodium', 'low-cholesterol', 'inexpensive', 'egg-free', 'healthy-2', 'northeastern-united-states', 'free-of-something', 'low-in-something', 'apples', 'berries', 'grapes', 'pasta-rice-and-grains', 'equipment', 'number-of-servings', 'presentation', 'served-hot']","[853.7, 50.0, 90.0, 3.0, 29.0, 22.0, 44.0]",9,"['preheat oven to 350 degrees', 'measure oats into medium-sized bowl', 'add enough applesauce to coat , stirring', ""if the oats flake off each other or seem dry , there isn't enough applesauce"", 'add raisins to taste', 'add a tablespoon or two of oil , stir well', 'form into four or five medium cookie shapes on an ungreased cookie sheet', 'bake for 20 minutes', ""enjoy while they're hot and moist""]","this recipe has only four common ingredients, is easy to double or triple, and makes a good meal for those who are on a diet. even better, it's vegan! in my opinion the cookies taste best right out of the oven, so don't hesitate to serve immediately. (;

the ingredient measurements are estimates, since i make this without measuring anything but the oats. if they aren't sweet enough, add your sweetener of choice.","['rolled oats', 'applesauce', 'raisins', 'oil']",4
berries smoothie,3,"['15-minutes-or-less', 'time-to-make', 'course', 'main-ingredient', 'preparation', 'for-1-or-2', 'low-protein', 'healthy', '5-ingredients-or-less', 'beverages', 'fruit', 'easy', 'low-fat', 'vegan', 'vegetarian', 'smoothies', 'dietary', 'low-sodium', 'low-cholesterol', 'low-saturated-fat', 'low-calorie', 'healthy-2', 'low-in-something', 'berries', 'number-of-servings', '3-steps-or-less']","[352.5, 0.0, 173.0, 0.0, 12.0, 0.0, 28.0]",3,"['place all ingredients in a blender', 'blend to desired consistency', 'enjoy']",i make this smoothie when i need a pick-me-up or when i don't want to make breakfast!,"['pineapple-orange juice', 'mixed berry', 'banana']",3
lemon noodles,25,"['30-minutes-or-less', 'time-to-make', 'main-ingredient', 'preparation', 'for-1-or-2', 'healthy', 'pasta', 'easy', 'vegan', 'vegetarian', 'dietary', 'low-cholesterol', 'low-saturated-fat', 'healthy-2', 'low-in-something', 'pasta-rice-and-grains', 'number-of-servings', '3-steps-or-less']","[382.0, 8.0, 22.0, 14.0, 23.0, 4.0, 23.0]",2,"['boil the noodles till al dente-drain-plunge into ice water and drain well , toss with lemon dressing', 'and that would be: stir together all ingredients-whisk well-make sure sugar is dissolved']","this is awsome on a salad with grilled, chilled and sliced beef or cooked and chilled shrimp.","['vermicelli', 'water', 'lemon juice', 'soy sauce', 'fresh ginger', 'garlic', 'sesame oil', 'sugar']",8
pooris  fried indian bread,60,"['lactose', '60-minutes-or-less', 'time-to-make', 'course', 'cuisine', 'preparation', '5-ingredients-or-less', 'flat-shapes', 'breads', 'asian', 'indian', 'easy', 'vegan', 'vegetarian', 'dietary', 'low-cholesterol', 'egg-free', 'free-of-something', 'low-in-something', '3-steps-or-less']","[88.6, 4.0, 0.0, 8.0, 5.0, 1.0, 4.0]",13,"['put the flour and salt into a medium-sized bowl', 'pour the oil and hot water on top', 'mix together with hands until it becomes a soft dough', 'cover the dough with a damp towel to keep it moist', 'let the dough sit for 30 minutes', 'sprinkle some flour on the counter and knead the dough for a couple of minutes', 'divide the dough into 6 equal parts', 'roll each piece into a 6-inch circle', 'be sure to cover each circle with a cloth to keep from drying out', 'heat a couple of tablespoons of canola oil in a skillet', 'when the skillet is hot , fry one circle of dough at a time , adding a little oil with each', 'fry 15-20 seconds on each side until the it is puffed and golden', 'serve hot']","i love all breads i've had from india and this is one of them.  this is a basic recipe for the fried indian bread, pooris.  another recipe i got from the micheff sisters.  hope you enjoy it!","['whole wheat flour', 'canola oil', 'salt', 'hot water']",4
warm asparagus with tarragon vinaigrette,13,"['15-minutes-or-less', 'time-to-make', 'course', 'main-ingredient', 'preparation', 'occasion', 'side-dishes', 'vegetables', 'easy', 'holiday-event', 'spring', 'vegan', 'vegetarian', 'easter', 'dietary', 'seasonal', 'asparagus', 'brunch', '3-steps-or-less']","[308.2, 42.0, 12.0, 11.0, 13.0, 19.0, 4.0]",9,"['put the mustard in a small bowl', 'whisk in the vinegar , salt and pepper', 'slowly add the olive oil , whisking constantly , until completely incorporated', 'stir in the shallots and tarragon', 'set aside for at least 15 minutes', 'trim the asparagus , discarding woody ends', 'steam , roast or grill the spears whole until just tender when pierced with a fork', 'do not overcook', 'arrange the still-warm asparagus on a warm serving plate , spoon the dressing over it and turn the asparagus gently to coat']","this is one of two runner-up recipes for 1993 in  the san francisco chronicle, and was developed by georgeanne brennan.","['dijon mustard', 'champagne vinegar', 'salt', 'fresh ground pepper', 'olive oil', 'shallots', 'fresh tarragon', 'asparagus']",8
cold noodle salad with spicy peanut sauce,55,"['60-minutes-or-less', 'time-to-make', 'main-ingredient', 'cuisine', 'preparation', 'pasta', 'asian', 'thai', 'vegan', 'vegetarian', 'dietary', 'inexpensive', 'pasta-rice-and-grains']","[561.3, 32.0, 27.0, 17.0, 41.0, 20.0, 25.0]",9,"['in medium bowl , combine peanut butter , tamari , vinegar , cayenne , garlic and ginger , stirring to blend well', 'stir in water to make a thick sauce', 'set aside', 'cook linguine in a large pot of boiling water until al dente about 10 minutes', 'drain and rinse pasta under cold water , transfer to large bowl', 'toss with sesame oil to coat', 'add carrot , bell pepper , and scallions to the bowl with the linguine', 'add reserved peanut sauce to coat , tossing gently to combine', 'refrigerate for 30 minutes']","a hint of sesame oil compliments the flavor of the peanut butter in this satisfying salad that makes a great make ahead meal. a lot of different thai recipes call for peanuts, this ones a bit different with using peanut butter instead.","['creamy peanut butter', 'tamari', 'rice wine vinegar', 'cayenne', 'garlic cloves', 'ginger', 'water', 'linguine', 'sesame oil', 'carrot', 'red bell pepper', 'scallions']",12
chow chow bok choy,10,"['15-minutes-or-less', 'time-to-make', 'main-ingredient', 'cuisine', 'preparation', 'occasion', 'low-protein', 'vegetables', 'asian', 'easy', 'dinner-party', 'vegan', 'vegetarian', 'dietary', 'low-cholesterol', 'low-saturated-fat', 'low-calorie', 'low-carb', 'mushrooms', 'healthy-2', 'low-in-something', 'greens', 'bok-choys']","[113.3, 12.0, 9.0, 12.0, 4.0, 6.0, 1.0]",8,"['in a large skillet , heat the oil with the garlic over medium high heat', 'add the bok choy and saute for 1 minute , turning to brown all sides', 'push bok choy to the side of the pan and add the mushrooms', 'stir fry about 2 minutes , then reduce heat slightly', 'in a small bowl , combine the brown sugar , sesame oil , soy sauce , and sherry', 'add this mixture to the skillet and stir , coating the bok choy well until completely coated and heated throughout , about 4-5 minutes , or until done to your likeness', 'serve immediately , dividing the bok choy and sauce among 4 plates', 'enjoy !']",bok choy and shitake mushrooms  with a sweet and sour glaze. yum! adapted from great good food.,"['peanut oil', 'garlic cloves', 'baby bok choy', 'shiitake mushrooms', 'brown sugar', 'sesame oil', 'soy sauce', 'sherry wine']",8
frozen green grapes,1,"['15-minutes-or-less', 'time-to-make', 'course', 'main-ingredient', 'preparation', 'for-1-or-2', 'low-protein', 'healthy', '5-ingredients-or-less', 'lunch', 'snacks', 'fruit', 'easy', 'beginner-cook', 'kosher', 'low-fat', 'vegan', 'vegetarian', 'dietary', 'low-sodium', 'low-cholesterol', 'low-saturated-fat', 'low-calorie', 'healthy-2', 'low-in-something', 'number-of-servings', 'presentation', 'served-cold']","[1580.5, 5.0, 1420.0, 1.0, 32.0, 6.0, 138.0]",5,"[""sprinkle washed and dried grapes with confectioner's sugar"", 'please please please make sure the grapes are dry !', 'freeze in a single layer', 'grapes may later be transferred to a freezer bowl with a lid', 'serve with a fun , fruity wine']",simple but perfect.,"['green grapes', ""confectioners' sugar""]",2
whipped cashew cream,5,"['weeknight', '15-minutes-or-less', 'time-to-make', 'course', 'main-ingredient', 'cuisine', 'preparation', 'occasion', 'north-american', '5-ingredients-or-less', 'condiments-etc', 'fruit', 'caribbean', 'easy', 'central-american', 'holiday-event', 'vegan', 'vegetarian', 'nuts', 'dietary']","[978.7, 168.0, 1.0, 1.0, 5.0, 430.0, 1.0]",6,"['place the cashew cream in a blender and add agave nectar , vanilla , and 1 / 4 cup water', 'blend until completely combined', 'with blender running , slowly drizzle the coconut oil in through the hole in the blender lid', 'blend until emulsified', 'pour into a bowl and chill in the refrigerator , covered , for 2 hours', 'stir before serving']","this yummy cream stands in for dairy whipped cream. adapted from chef tal who wrote the conscious cook.  the raw cashews have no flavor of their own, thyr'e just a vessel for fat and creaminess.","['cream', 'agave nectar', 'pure vanilla extract', 'coconut oil']",4
yummy vegan spinach artichoke dip,30,"['lactose', '30-minutes-or-less', 'time-to-make', 'course', 'main-ingredient', 'preparation', 'occasion', 'appetizers', 'beans', 'vegetables', 'holiday-event', 'vegan', 'vegetarian', 'dips', 'dietary', 'low-cholesterol', 'low-saturated-fat', 'low-calorie', 'low-carb', 'soy-tofu', 'healthy-2', 'free-of-something', 'low-in-something']","[151.9, 8.0, 7.0, 20.0, 27.0, 3.0, 5.0]",8,"['preheat oven to 350f', 'saute onion , spinach and artichoke hearts in olive oil until onion is soft , about 6 minutes', 'blend together tofu , nutritional yeast , garlic , vinegar and spices in blender until mixed and smooth', 'combine all ingredients', 'taste and add extra seasonings and nutritional yeast , as needed', 'smooth into non-stick baking dish and bake for 15-20 minutes , or until lightly browned on top', 'serve warm with bread or tortilla chips', 'enjoy !']",i make this as an appetizer for dinner parties all the time. it's delicious and easy.,"['yellow onion', 'frozen chopped spinach', 'marinated artichoke hearts', 'olive oil', 'firm silken tofu', 'nutritional yeast flakes', 'garlic cloves', 'apple cider vinegar', 'dried basil', 'dried parsley', 'cayenne pepper', 'salt', 'black pepper']",13
really easy vegan gravy or cheese sauce,10,"['15-minutes-or-less', 'time-to-make', 'course', 'cuisine', 'preparation', 'north-american', '5-ingredients-or-less', 'sauces', 'condiments-etc', 'american', 'easy', 'vegan', 'vegetarian', 'dietary']","[123.7, 2.0, 0.0, 0.0, 19.0, 1.0, 6.0]",9,"['heat up the broth', 'take a little of the hot liquid and put in bowl', 'whisk in cornstarch , set aside', 'pour nutritional yeast and spices into hot liquid , stirring until dissolved', 'add cornstarch mixture and cook until as thick as you desire', 'this only takes a few minutes', 'add salt and pepper to taste', 'tis is great over baked potatoes , vegetables , rice , noodles', 'enjoy !']","this is quick and easy, and i love it with vegetables or over rice. it gives a nice creaminess to everything! i thought i got this from recipezaar but can't find it so i'm posting it so i won't lose it! feel free to add soy sauce if you like.","['vegetable broth', 'nutritional yeast', 'cornstarch', 'spices', 'salt and pepper']",5
vegan whipped cream,5,"['15-minutes-or-less', 'time-to-make', 'course', 'preparation', '5-ingredients-or-less', 'desserts', 'easy', 'beginner-cook', 'vegan', 'vegetarian', 'dietary', '3-steps-or-less']","[98.3, 12.0, 3.0, 0.0, 5.0, 7.0, 1.0]",2,"['put all of the ingredients in a food processor with an s blade and blend until the cashew consistency resembles whipped cream', ""it's also better if you stick in the refrigerator for about 20 or 30 minutes""]",this simple recipe tastes great and is easy to prepare.  the cashews make it so creamy,"['raw cashews', 'water', 'agave', 'vanilla bean']",4
vegan double chocolate strawberry muffins,35,"['lactose', '60-minutes-or-less', 'time-to-make', 'course', 'main-ingredient', 'preparation', 'occasion', 'breads', 'desserts', 'fruit', 'vegan', 'vegetarian', 'muffins', 'cookies-and-brownies', 'chocolate', 'bar-cookies', 'brownies', 'dietary', 'comfort-food', 'egg-free', 'quick-breads', 'free-of-something', 'berries', 'strawberries', 'taste-mood']","[238.6, 17.0, 71.0, 3.0, 6.0, 14.0, 10.0]",13,"['preheat oven to 350f grease 12 muffin tins with nonstick spray', 'in a large bowl , combine the flour , cocoa powder , sugar , and baking powder', 'melt the margarine and 1 / 4 cup of the chocolate chips carefully in the microwave', 'while this mixture cools , mix the egg replacer , vanilla , oil , and soymilk in a separate bowl', 'add the margarine-chocolate chip mixture to this bowl once it has cooled for a couple of minutes', 'combine the wet and dry ingredients', 'make sure the batter is cool , and then stir in 1 / 2 cup of the chocolate chips', 'spoon the batter into the muffin tins', 'make sure strawberries are washed and cored , and press one into the center of each batter-filled muffin tin', 'cover completely with batter', 'sprinkle the remaining 1 / 4 cup of chocolate chips evenly over the batter and gently press into the tops just enough to hold them in place', 'bake for 25 minutes', 'let cool for 20 minutes , then gently remove from muffin tin']","i developed this recipe with the goal of making a sweet, chocolatey treat with some strawberries i picked. i had frozen and thawed the strawberries, but you can use fresh if you wish. the muffins use techniques that you will probably recognize from brownie recipes, so they are really a cross between muffins and brownies.","['all-purpose flour', 'cocoa powder', 'sugar', 'baking powder', 'margarine', 'ener-g egg substitute', 'vanilla extract', 'vegetable oil', 'soymilk', 'ghirardelli semi-sweet chocolate chips', 'strawberries']",11
edamame fried rice,12,"['15-minutes-or-less', 'time-to-make', 'course', 'main-ingredient', 'cuisine', 'preparation', 'healthy', 'side-dishes', 'rice', 'asian', 'easy', 'vegan', 'vegetarian', 'dietary', 'low-cholesterol', 'low-saturated-fat', 'low-calorie', 'oamc-freezer-make-ahead', 'inexpensive', 'healthy-2', 'low-in-something', 'pasta-rice-and-grains', 'number-of-servings', 'presentation', 'served-hot', '3-steps-or-less']","[568.8, 28.0, 10.0, 34.0, 64.0, 10.0, 24.0]",4,"['heat oil in large wok or skillet over medium-high heat', 'add carrots , bell pepper and scallions , and stir-fry until just tender , about 2 minutes', 'add tamari , edamame and rice , and stir-fry until combined and heated through , about 5 minutes', 'serve']",this is from the april 2005 issue of vegetarian times. use whatever leftover rice you have.,"['canola oil', 'carrots', 'yellow bell pepper', 'scallions', 'tamari', 'edamame', 'cooked long-grain brown rice']",7
what a peasing salad,20,"['30-minutes-or-less', 'time-to-make', 'course', 'main-ingredient', 'preparation', 'occasion', 'for-1-or-2', 'low-protein', 'healthy', 'salads', 'vegetables', 'easy', 'no-cook', 'dinner-party', 'low-fat', 'romantic', 'vegan', 'vegetarian', 'dietary', 'low-sodium', 'low-cholesterol', 'low-saturated-fat', 'low-calorie', 'healthy-2', 'low-in-something', 'brunch', 'taste-mood', 'savory', 'number-of-servings', 'presentation', 'served-cold', 'technique']","[221.7, 7.0, 107.0, 14.0, 11.0, 3.0, 14.0]",4,"['this is easy', 'combine all ingredients in large bowl', 'toss to evenly coat', 'serve immediately']","this is a salad i came up with the things i had on hand in the fridge.  i was on my own one night for dinner and the weather was hot.  what a satisfying salad, with just enough flavor through the sweetness of the apple/raisins and the kick of the onion.","['iceberg lettuce', 'cabbage', 'frozen peas', 'red onion', 'golden delicious apple', 'raisins', 'fresh lemon juice', 'garlic powder', 'italian dressing', 'salt and pepper']",10
molasses new potatoes with walnuts,40,"['60-minutes-or-less', 'time-to-make', 'course', 'main-ingredient', 'preparation', 'occasion', 'side-dishes', 'fruit', 'potatoes', 'vegetables', 'oven', 'easy', 'beginner-cook', 'dinner-party', 'holiday-event', 'vegan', 'vegetarian', 'nuts', 'dietary', 'christmas', 'comfort-food', 'taste-mood', 'equipment']","[390.9, 25.0, 35.0, 25.0, 15.0, 9.0, 18.0]",10,"['butter a 13 x 9-inch baking dish', 'dry potatoes with paper towels then place in a medium bowl', 'in a small bowl combine oil with molasses , vinegar , thyme and salt', 'drizzle over the potatoes in the bowl and toss to coat', 'place the potatoes into the prepared baking dish', 'bake uncovered at 350 degrees for about 20 minutes', 'stir in the walnuts', 'continue to bake , stirring once for another 20-25 minutes or until the potatoes are fork-tender', 'sprinkle with chives', 'do not overcook the potatoes']","taken from taste of home's holiday & celebrations cookbook/2005, recipe by janet dingler. i made these potatoes recently, they are simply outstanding! it's a perfect potato side dish to a holiday meal.  i doubled the amounts and baked it in a small roaster pan. i also used lots of black pepper, you may also want to increase the salt amount if desired.","['red potatoes', 'vegetable oil', 'molasses', 'balsamic vinegar', 'dried thyme', 'salt', 'walnuts', 'chives']",8
microwaved lemon glazed parsnips,10,"['15-minutes-or-less', 'time-to-make', 'course', 'main-ingredient', 'preparation', 'low-protein', 'healthy', '5-ingredients-or-less', 'side-dishes', 'vegetables', 'easy', 'microwave', 'low-fat', 'vegan', 'vegetarian', 'dietary', 'low-sodium', 'low-cholesterol', 'low-saturated-fat', 'low-calorie', 'healthy-2', 'low-in-something', 'equipment']","[139.8, 0.0, 66.0, 0.0, 3.0, 0.0, 11.0]",5,"[""peel and cut parsnips into 1 / 4's lengthwise or thick sticks"", 'combine with other ingredients in a microwave safe dish', 'cover and cook on medium power for aprrox 5 minutes', 'when tender , remove from oven and stand covered for 5mins before serving', 'sprinkle with finely chopped parsley if desired and serve']",makes a nice change from roasted parsnips.  quick and easy to make.,"['parsnips', 'brown sugar', 'lemon juice', 'lemon']",4
healthy chocolate mousse,15,"['lactose', '15-minutes-or-less', 'time-to-make', 'course', 'main-ingredient', 'preparation', 'desserts', 'easy', 'no-cook', 'beginner-cook', 'vegan', 'vegetarian', 'puddings-and-mousses', 'chocolate', 'dietary', 'egg-free', 'free-of-something', 'presentation', 'served-cold', '3-steps-or-less', 'technique']","[187.6, 17.0, 31.0, 1.0, 8.0, 11.0, 8.0]",5,"['in the food processor , mix avocados , bananas , and agave nectar until smooth', 'blend in cocoa to taste', 'blend in vanilla , salt , cinnamon , and nutmeg', 'serve in cups , with fruit , or use as icing', 'enjoy !']","a dark, creamy mousse with raw ingredients.  tasty on its own, with fruit, or as icing for raw brownies.","['avocados', 'bananas', 'cocoa powder', 'agave nectar', 'vanilla extract', 'salt', 'cinnamon', 'nutmeg']",8
rosemary roasted carrots,30,"['30-minutes-or-less', 'time-to-make', 'course', 'main-ingredient', 'preparation', 'side-dishes', 'vegetables', 'easy', 'beginner-cook', 'vegan', 'vegetarian', 'dietary', 'free-of-something', 'carrots']","[98.8, 5.0, 21.0, 3.0, 4.0, 2.0, 5.0]",6,"['preheat oven to 450 degrees', 'if you are using whole carrots , peel and cut into 2"" diagonal sections', 'break garlic into individual cloves but leave the skins on', 'toss all ingredients in roasting pan that is just large enough to hold everything', 'roast for approx 20-30 minutes or until browned , stirring occasionally', 'serve immediately']",simplistic and delicious! high heat roasting of the carrots intensifies the flavor and almost caramelizes them. this really is the best way to cook almost all root vegetables to get the full flavor of the vegetable! preparation time includes peeling and cutting carrots. you can eliminate this if you use precut or washed baby carrots.,"['carrot', 'garlic', 'extra virgin olive oil', 'fresh rosemary', 'sea salt', 'fresh ground black pepper']",6
herb crusted tofu with mushroom gravy,40,"['60-minutes-or-less', 'time-to-make', 'course', 'main-ingredient', 'preparation', 'occasion', 'main-dish', 'beans', 'vegetables', 'vegan', 'vegetarian', 'dietary', 'comfort-food', 'soy-tofu', 'mushrooms', 'taste-mood']","[461.9, 59.0, 6.0, 24.0, 20.0, 27.0, 7.0]",17,"['drain the tofu and cut into 6 slices', 'to make herb crust:', 'combine all the ingredients except the oil in a shallow bowl', 'to make mushroom gravy:', 'saute the onion in olive oil over medium high heat', 'stir it often for 5 minutes , or until it is browned', 'add the rosemary , the mushrooms and a pinch of salt', 'add the broth , and simmer it until the mushrooms are tender , about 10 minutes', 'meanwhile , heat the vegetable oil in a large skillet over medium high heat', 'then coat the tofu cutlets with the herb crust', 'place in the oil , and fry 4-5 minutes on each side until golden brown', 'drain on paper towels', 'heat the gravy over high heat', 'mix the cornstarch with 1 / 4 cup cold water', ""whisk into the gravy until it's thickened , and remove from heat"", 'spoon the mushroom gravy over the tofu cutlets', 'serve and enjoy !']",this is a recipe sent in to vegetarian times magazine from suchitra swift. i love crispy tofu and with this gravy it becomes comfort food!,"['extra firm tofu', 'cornstarch', 'salt', 'dried italian herb seasoning', 'black pepper', 'garlic powder', 'cayenne pepper', 'vegetable oil', 'onion', 'olive oil', 'dried rosemary', 'button mushrooms', 'vegetable broth']",13
pomegranate fizz,5,"['15-minutes-or-less', 'time-to-make', 'course', 'main-ingredient', 'preparation', 'occasion', 'for-1-or-2', 'beverages', 'fruit', 'easy', 'dinner-party', 'holiday-event', 'vegan', 'vegetarian', 'cocktails', 'dietary', 'christmas', 'valentines-day', 'citrus', 'brunch', 'number-of-servings', 'presentation', 'served-cold', '3-steps-or-less']","[122.0, 0.0, 5.0, 0.0, 0.0, 0.0, 1.0]",4,"['pour the pomegranate juice in a champagne flute', 'add the liqueur , if using , then the champagne or sparkling water', 'top with a few pomegranate seeds , if available , and grated lemon rind', 'enjoy !']","beautiful for the holidays, this drink from tosca reno has several different variations depending on whether you're being naughty or nice.","['pomegranate juice', 'triple sec', 'champagne', 'fresh lemon juice', 'pomegranate seeds', 'lemon rind']",6
szechuan eggplant and squash,15,"['15-minutes-or-less', 'time-to-make', 'course', 'main-ingredient', 'preparation', 'for-1-or-2', 'side-dishes', 'vegetables', 'easy', 'vegan', 'vegetarian', 'dietary', 'squash', 'number-of-servings']","[151.7, 2.0, 48.0, 59.0, 16.0, 2.0, 10.0]",6,"['combine garlic , ginger , broth , soy sauce , rice vinegar , splenda , and chili sauce in wok or fry pan', 'bring to a boil over medium-high heat', 'add eggplant and squash and cook / saute for 5 minutes or until liquid is mostly absorbed', 'reduce heat to low and add tomato', 'saute for 1 minute to warm tomato', 'serve and enjoy !']","a spicy, tangy, delicious, healthy, single serving recipe.  i rarely use the exact measurements and it always turns out!","['garlic', 'ground ginger', 'vegetable broth', 'soy sauce', 'rice vinegar', 'splenda sugar substitute', 'garlic and red chile paste', 'eggplant', 'summer squash', 'roma tomato']",10
tempura beet rollatini with balsamic gastrique,95,"['time-to-make', 'course', 'main-ingredient', 'cuisine', 'preparation', 'occasion', 'main-dish', 'beans', 'fruit', 'vegetables', 'asian', 'french', 'european', 'dinner-party', 'holiday-event', 'vegan', 'vegetarian', 'italian', 'nuts', 'dietary', 'soy-tofu', '4-hours-or-less']","[129.2, 12.0, 38.0, 3.0, 8.0, 21.0, 4.0]",17,"['place the beet in a pan and cover with water', 'add vinegar , and bring to a boil', 'cook until tender when pierced with a fork , about 40 minutes', 'place the tofu , nutritional yeast , onion , lemon juice , cashew cream , miso paste , 1 / 2 teaspoons salt , and 1 / 8 teaspoons pepper in a food processor and blend until the mix has the texture of ricotta cheese', 'in a small bowl , prepare the tempura batter according to the package directions , then fold in chives , 1 teaspoons salt , and 1 / 4 teaspoon pepper', ""hold the cooked beet under cold running water until it's cool"", 'peel the skin', 'slice the beet paper thin on a mandoline', 'dry the slices with paper towels and season on both sides with salt and pepper', 'spread a small mounded strip of the tofu ricotta mixture on one end of each beet slice and roll up , using a dab of the ricotta mixture to hold the roll closed if needed', 'pour 2 inches of the oil into a large , heavy pot and heat to 375f', 'holding a roll together , dip in the tempura batter , coating completely , and carefully lower into the oil', 'fry the rolls , a few at a time to avoid crowding the pot , until well browned and crisp , about 2 minutes', 'remove to a pan or plate lined with paper towels and set aside in a warm oven until all the rolls are fried', 'serve hot , drizzled with the balsamic gastrique', 'to make the gastrique , in a small sauccepan over medium high heat , stir together the vinegar and sugar', 'cook until syrupy and reduced by two thirds , about 15 minutes']","chef tal says, ""this is a fun recipe. white balsamic has a milder taste than the more common dark kind, and good when boiling beets because it doesn't compete with the flavor of the vegetable. once beets are cooked, you slice them thin, fill them with tofu ricotta, dip them in tempura batter and fry them. the red bleeds through the batter for a pretty presentation. and they're just delicious"", in his cookbook the conscious cook.","['red beet', 'white balsamic vinegar', 'firm tofu', 'nutritional yeast flakes', 'granulated onion', 'lemon', 'cream', 'white miso', 'sea salt', 'fresh ground black pepper', 'tempura mix', 'fresh chives', 'vegetable oil', 'balsamic vinegar', 'sugar']",15
sweet and salty lemonade,5,"['15-minutes-or-less', 'time-to-make', 'course', 'main-ingredient', 'cuisine', 'preparation', 'for-1-or-2', 'low-protein', 'healthy', '5-ingredients-or-less', 'very-low-carbs', 'beverages', 'fruit', 'asian', 'indian', 'easy', 'beginner-cook', 'kid-friendly', 'low-fat', 'vegan', 'vegetarian', 'dietary', 'low-cholesterol', 'low-saturated-fat', 'low-calorie', 'low-carb', 'inexpensive', 'low-in-something', 'citrus', 'lime', 'number-of-servings', '3-steps-or-less']","[44.5, 0.0, 29.0, 48.0, 0.0, 0.0, 4.0]",4,"['squeeze the juice of the lime into a tall glass', 'add water to the glass', 'add the sugar and salt to taste , you may adjust the amount of salt and sugar according to your preference', 'serve over crushed ice and serve with a straw']","although this drink is made with limes, we still call it ""lemonade.""  we make this at home all of the time and guests always compliment the flavor. this is made in households in india.","['lime', 'water', 'sugar', 'salt', 'ice']",5
vegetarian chow mein,32,"['60-minutes-or-less', 'time-to-make', 'cuisine', 'preparation', 'asian', 'chinese', 'vegan', 'vegetarian', 'dietary']","[316.6, 14.0, 20.0, 32.0, 22.0, 9.0, 15.0]",12,"['if you are using fresh noodles , blanch them first in a large pot of boiling water for 3 to 5 minutes', 'if you are using the dried noodles , cook in boiling water for 4 to 5 minutes', 'drain the noodles , then put them into cold water until required', 'string the celery and slice diagonally', 'shred the bamboo shoots', 'heat a wok or large frying-pan and add the oil', 'when moderately hot , add the garlic and stir-fry for 10 seconds', 'add the onion , celery , and bamboo shoots and stir-fry for about 5 minutes', 'drain the noodles thoroughly and put into the wok', 'continue to stir-fry for 1 minute then add the rest of the ingredients except the bean sprouts', 'continue to stir-fry for another 2 minutes and then add the bean sprouts', 'give the mixture a good stir and turn it onto a serving platter']","335 calories (kcal); 10 g total fat (15 percent calories from fat); 12 g protein; 51 g carbohydrate; 54 mg cholesterol; 901 mg sodium; 4g fiber
(based on a medium sized onion; also, the database does not have a category for dark soy sauce. just to give an idea of how much it helps to cut back on oil in cooking, using 3 tablespoons instead of 2 increases the calorie count to 364 calories per serving).","['noodles', 'celery', 'bamboo shoots', 'peanut oil', 'garlic cloves', 'onion', 'light soy sauce', 'dark soy sauce', 'fresh ginger', 'vegetable stock', 'sugar', 'bean sprouts']",12
fudgy wudgy blueberry brownies,55,"['60-minutes-or-less', 'time-to-make', 'course', 'main-ingredient', 'cuisine', 'preparation', 'occasion', 'north-american', 'desserts', 'fruit', 'vegan', 'vegetarian', 'cookies-and-brownies', 'chocolate', 'bar-cookies', 'brownies', 'dietary', 'low-sodium', 'comfort-food', 'low-in-something', 'berries', 'blueberries', 'taste-mood', 'sweet']","[259.7, 16.0, 103.0, 3.0, 4.0, 13.0, 13.0]",13,"['preheat oven to 325', 'grease a 9x13 inch baking pan', 'melt 2 / 3 cup chocolate chips over a double boiler or in microwave , your choice', 'in a large mixing bowl combine bluberry spreadable fruit , soy milk , sugar , canola oil and extracts', 'mix on high until no large clumps are visible , about 2-3 minutes', 'sift in flour , cocoa powder , baking powder , baking soda , and salt', 'stir until well mixed , batter will be thick', 'mix in melted chocolate', 'fold in remaining 1 / 2 cup of whole chocolate chips and fresh blueberries', 'spread batter in baking pan and bake for 45 minutes', 'toothpick test is null and void here because the whole chocolate chips will stick anyway !', 'remove from oven and let cool', 'enjoy !']","from veganomicon!  these are intensely fudgey and amazing!  this was one of my first attempts at vegan baking, and i am quite proud of how these turned out.","['semi-sweet chocolate chips', 'blueberry preserves', 'soymilk', 'sugar', 'canola oil', 'vanilla extract', 'almond extract', 'all-purpose flour', 'unsweetened cocoa powder', 'baking powder', 'baking soda', 'salt', 'fresh blueberries']",13
